Event,Suburb,PreRent,PostRent,Diff
COVID-19 Emergency Rate Cut,Altona,400.0,400.0,0.0
COVID-19 Emergency Rate Cut,Armadale,500.0,452.5,-47.5
COVID-19 Emergency Rate Cut,Bairnsdale,303.33,325.0,21.67
COVID-19 Emergency Rate Cut,Balwyn,553.33,532.5,-20.83
COVID-19 Emergency Rate Cut,Bayswater,390.0,395.0,5.0
COVID-19 Emergency Rate Cut,Benalla,300.0,327.5,27.5
COVID-19 Emergency Rate Cut,Bendigo,330.0,345.0,15.0
COVID-19 Emergency Rate Cut,Bentleigh,503.33,490.0,-13.33
COVID-19 Emergency Rate Cut,Berwick,398.33,405.0,6.67
COVID-19 Emergency Rate Cut,Blackburn,437.0,423.75,-13.25
COVID-19 Emergency Rate Cut,Boronia,393.33,396.25,2.92
COVID-19 Emergency Rate Cut,Box Hill,458.33,410.0,-48.33
COVID-19 Emergency Rate Cut,Brighton,683.67,662.0,-21.67
COVID-19 Emergency Rate Cut,Brighton East,741.67,709.5,-32.17
COVID-19 Emergency Rate Cut,Brunswick,480.0,438.75,-41.25
COVID-19 Emergency Rate Cut,Carlton North,590.0,580.0,-10.0
COVID-19 Emergency Rate Cut,Carnegie,438.33,408.75,-29.58
COVID-19 Emergency Rate Cut,Castlemaine,348.33,362.5,14.17
COVID-19 Emergency Rate Cut,Caulfield,483.33,423.75,-59.58
COVID-19 Emergency Rate Cut,Cheltenham,471.67,462.5,-9.17
COVID-19 Emergency Rate Cut,Clayton,426.67,405.0,-21.67
COVID-19 Emergency Rate Cut,Corio,300.0,306.25,6.25
COVID-19 Emergency Rate Cut,Craigieburn,390.0,390.0,0.0
COVID-19 Emergency Rate Cut,Cranbourne,389.33,397.5,8.17
COVID-19 Emergency Rate Cut,Dandenong,350.0,350.0,0.0
COVID-19 Emergency Rate Cut,East Melbourne,550.0,462.5,-87.5
COVID-19 Emergency Rate Cut,Echuca,336.0,355.75,19.75
COVID-19 Emergency Rate Cut,Elsternwick,448.33,445.5,-2.83
COVID-19 Emergency Rate Cut,Elwood,450.0,426.25,-23.75
COVID-19 Emergency Rate Cut,Essendon,415.0,402.25,-12.75
COVID-19 Emergency Rate Cut,Ferntree Gully,416.67,420.0,3.33
COVID-19 Emergency Rate Cut,Fitzroy,570.0,540.0,-30.0
COVID-19 Emergency Rate Cut,Footscray,396.67,370.0,-26.67
COVID-19 Emergency Rate Cut,Frankston,370.0,380.0,10.0
COVID-19 Emergency Rate Cut,Hamilton,270.0,281.25,11.25
COVID-19 Emergency Rate Cut,Hawthorn,435.0,396.25,-38.75
COVID-19 Emergency Rate Cut,Horsham,278.33,297.5,19.17
COVID-19 Emergency Rate Cut,Keilor,413.33,416.25,2.92
COVID-19 Emergency Rate Cut,Kew,521.67,487.5,-34.17
COVID-19 Emergency Rate Cut,Lara,400.0,412.5,12.5
COVID-19 Emergency Rate Cut,Malvern,475.0,455.0,-20.0
COVID-19 Emergency Rate Cut,Malvern East,475.0,425.0,-50.0
COVID-19 Emergency Rate Cut,Melton,345.0,350.0,5.0
COVID-19 Emergency Rate Cut,Mildura,310.0,327.5,17.5
COVID-19 Emergency Rate Cut,Morwell,228.33,242.5,14.17
COVID-19 Emergency Rate Cut,Mount Waverley,510.0,497.0,-13.0
COVID-19 Emergency Rate Cut,Noble Park,360.0,360.0,0.0
COVID-19 Emergency Rate Cut,North Bendigo,315.0,338.75,23.75
COVID-19 Emergency Rate Cut,North Geelong,353.33,369.5,16.17
COVID-19 Emergency Rate Cut,Northcote,500.0,496.25,-3.75
COVID-19 Emergency Rate Cut,Pakenham,351.67,363.75,12.08
COVID-19 Emergency Rate Cut,Port Melbourne,606.67,587.5,-19.17
COVID-19 Emergency Rate Cut,Portland,296.67,332.5,35.83
COVID-19 Emergency Rate Cut,Preston,423.33,412.5,-10.83
COVID-19 Emergency Rate Cut,Reservoir,381.67,381.25,-0.42
COVID-19 Emergency Rate Cut,Ringwood,411.67,411.25,-0.42
COVID-19 Emergency Rate Cut,Rowville,450.0,462.5,12.5
COVID-19 Emergency Rate Cut,Seymour,298.33,301.25,2.92
COVID-19 Emergency Rate Cut,Shepparton,293.33,307.5,14.17
COVID-19 Emergency Rate Cut,South Melbourne,531.0,450.0,-81.0
COVID-19 Emergency Rate Cut,South Yarra,490.33,421.25,-69.08
COVID-19 Emergency Rate Cut,Springvale,398.33,390.5,-7.83
COVID-19 Emergency Rate Cut,St Kilda,426.67,386.25,-40.42
COVID-19 Emergency Rate Cut,Sunbury,371.67,382.5,10.83
COVID-19 Emergency Rate Cut,Sunshine,360.0,352.5,-7.5
COVID-19 Emergency Rate Cut,Swan Hill,270.0,293.75,23.75
COVID-19 Emergency Rate Cut,Sydenham,400.0,400.0,0.0
COVID-19 Emergency Rate Cut,Thornbury,423.33,407.5,-15.83
COVID-19 Emergency Rate Cut,Toorak,528.33,508.75,-19.58
COVID-19 Emergency Rate Cut,Torquay,500.0,532.5,32.5
COVID-19 Emergency Rate Cut,Traralgon,303.33,335.0,31.67
COVID-19 Emergency Rate Cut,West Footscray,403.33,397.5,-5.83
COVID-19 Emergency Rate Cut,Whittlesea,390.0,390.0,0.0
COVID-19 Emergency Rate Cut,Williamstown,526.67,510.0,-16.67
COVID-19 Emergency Rate Cut,Wodonga,330.0,345.0,15.0
RBA Rate Hike Cycle Start,Altona,400.0,416.25,16.25
RBA Rate Hike Cycle Start,Armadale,428.75,462.5,33.75
RBA Rate Hike Cycle Start,Bairnsdale,345.0,387.5,42.5
RBA Rate Hike Cycle Start,Balwyn,525.0,556.25,31.25
RBA Rate Hike Cycle Start,Bayswater,405.0,426.25,21.25
RBA Rate Hike Cycle Start,Benalla,347.5,383.25,35.75
RBA Rate Hike Cycle Start,Bendigo,357.5,379.5,22.0
RBA Rate Hike Cycle Start,Bentleigh,491.25,518.5,27.25
RBA Rate Hike Cycle Start,Berwick,417.5,455.0,37.5
RBA Rate Hike Cycle Start,Blackburn,426.25,450.0,23.75
RBA Rate Hike Cycle Start,Boronia,400.0,428.75,28.75
RBA Rate Hike Cycle Start,Box Hill,402.5,443.75,41.25
RBA Rate Hike Cycle Start,Brighton,654.0,688.25,34.25
RBA Rate Hike Cycle Start,Brighton East,731.25,760.25,29.0
RBA Rate Hike Cycle Start,Brunswick,421.25,456.25,35.0
RBA Rate Hike Cycle Start,Carlton North,577.5,603.75,26.25
RBA Rate Hike Cycle Start,Carnegie,393.75,410.0,16.25
RBA Rate Hike Cycle Start,Castlemaine,378.75,412.0,33.25
RBA Rate Hike Cycle Start,Caulfield,405.0,455.0,50.0
RBA Rate Hike Cycle Start,Cheltenham,467.5,493.75,26.25
RBA Rate Hike Cycle Start,Clayton,400.0,435.0,35.0
RBA Rate Hike Cycle Start,Corio,318.75,342.5,23.75
RBA Rate Hike Cycle Start,Craigieburn,392.5,413.75,21.25
RBA Rate Hike Cycle Start,Cranbourne,407.5,445.0,37.5
RBA Rate Hike Cycle Start,Dandenong,350.0,364.25,14.25
RBA Rate Hike Cycle Start,East Melbourne,455.0,506.25,51.25
RBA Rate Hike Cycle Start,Echuca,364.0,394.25,30.25
RBA Rate Hike Cycle Start,Elsternwick,435.5,452.5,17.0
RBA Rate Hike Cycle Start,Elwood,420.0,432.5,12.5
RBA Rate Hike Cycle Start,Essendon,399.75,408.75,9.0
RBA Rate Hike Cycle Start,Ferntree Gully,425.0,446.25,21.25
RBA Rate Hike Cycle Start,Fitzroy,535.0,560.0,25.0
RBA Rate Hike Cycle Start,Footscray,365.0,385.0,20.0
RBA Rate Hike Cycle Start,Frankston,395.0,435.0,40.0
RBA Rate Hike Cycle Start,Hamilton,292.5,325.0,32.5
RBA Rate Hike Cycle Start,Hawthorn,378.75,395.0,16.25
RBA Rate Hike Cycle Start,Horsham,316.25,340.0,23.75
RBA Rate Hike Cycle Start,Keilor,432.5,460.0,27.5
RBA Rate Hike Cycle Start,Kew,477.5,506.25,28.75
RBA Rate Hike Cycle Start,Lara,434.5,468.75,34.25
RBA Rate Hike Cycle Start,Malvern,452.5,471.25,18.75
RBA Rate Hike Cycle Start,Malvern East,407.5,457.5,50.0
RBA Rate Hike Cycle Start,Melton,350.0,360.0,10.0
RBA Rate Hike Cycle Start,Mildura,337.5,350.0,12.5
RBA Rate Hike Cycle Start,Morwell,262.0,302.5,40.5
RBA Rate Hike Cycle Start,Mount Waverley,499.5,525.0,25.5
RBA Rate Hike Cycle Start,Noble Park,361.25,381.25,20.0
RBA Rate Hike Cycle Start,North Bendigo,358.75,393.75,35.0
RBA Rate Hike Cycle Start,North Geelong,387.0,415.0,28.0
RBA Rate Hike Cycle Start,Northcote,491.25,496.25,5.0
RBA Rate Hike Cycle Start,Pakenham,372.5,405.0,32.5
RBA Rate Hike Cycle Start,Port Melbourne,595.0,618.25,23.25
RBA Rate Hike Cycle Start,Portland,350.0,365.0,15.0
RBA Rate Hike Cycle Start,Preston,402.5,427.5,25.0
RBA Rate Hike Cycle Start,Reservoir,380.0,393.75,13.75
RBA Rate Hike Cycle Start,Ringwood,412.5,435.0,22.5
RBA Rate Hike Cycle Start,Rowville,470.0,501.25,31.25
RBA Rate Hike Cycle Start,Seymour,314.0,358.75,44.75
RBA Rate Hike Cycle Start,Shepparton,322.5,358.75,36.25
RBA Rate Hike Cycle Start,South Melbourne,436.25,496.25,60.0
RBA Rate Hike Cycle Start,South Yarra,402.5,450.0,47.5
RBA Rate Hike Cycle Start,Springvale,391.25,412.5,21.25
RBA Rate Hike Cycle Start,St Kilda,373.75,398.75,25.0
RBA Rate Hike Cycle Start,Sunbury,387.5,407.5,20.0
RBA Rate Hike Cycle Start,Sunshine,350.0,365.0,15.0
RBA Rate Hike Cycle Start,Swan Hill,300.0,310.0,10.0
RBA Rate Hike Cycle Start,Sydenham,400.0,416.25,16.25
RBA Rate Hike Cycle Start,Thornbury,400.0,410.0,10.0
RBA Rate Hike Cycle Start,Toorak,500.0,523.25,23.25
RBA Rate Hike Cycle Start,Torquay,562.5,605.0,42.5
RBA Rate Hike Cycle Start,Traralgon,352.5,381.0,28.5
RBA Rate Hike Cycle Start,West Footscray,393.75,408.75,15.0
RBA Rate Hike Cycle Start,Whittlesea,395.0,425.0,30.0
RBA Rate Hike Cycle Start,Williamstown,512.5,532.5,20.0
RBA Rate Hike Cycle Start,Wodonga,365.0,402.5,37.5
Rapid Tightening Peak,Altona,400.0,428.75,28.75
Rapid Tightening Peak,Armadale,431.25,475.0,43.75
Rapid Tightening Peak,Bairnsdale,355.0,397.5,42.5
Rapid Tightening Peak,Balwyn,532.5,571.25,38.75
Rapid Tightening Peak,Bayswater,410.0,433.75,23.75
Rapid Tightening Peak,Benalla,357.5,389.5,32.0
Rapid Tightening Peak,Bendigo,363.75,384.5,20.75
Rapid Tightening Peak,Bentleigh,495.0,533.5,38.5
Rapid Tightening Peak,Berwick,425.0,466.25,41.25
Rapid Tightening Peak,Blackburn,431.25,460.0,28.75
Rapid Tightening Peak,Boronia,405.0,437.5,32.5
Rapid Tightening Peak,Box Hill,407.5,463.75,56.25
Rapid Tightening Peak,Brighton,658.25,705.75,47.5
Rapid Tightening Peak,Brighton East,743.75,770.25,26.5
Rapid Tightening Peak,Brunswick,422.5,476.25,53.75
Rapid Tightening Peak,Carlton North,582.5,612.5,30.0
Rapid Tightening Peak,Carnegie,392.5,423.75,31.25
Rapid Tightening Peak,Castlemaine,382.5,419.5,37.0
Rapid Tightening Peak,Caulfield,407.5,482.5,75.0
Rapid Tightening Peak,Cheltenham,473.75,500.0,26.25
Rapid Tightening Peak,Clayton,403.75,451.25,47.5
Rapid Tightening Peak,Corio,325.0,350.0,25.0
Rapid Tightening Peak,Craigieburn,395.0,421.25,26.25
Rapid Tightening Peak,Cranbourne,415.0,457.5,42.5
Rapid Tightening Peak,Dandenong,352.5,370.5,18.0
Rapid Tightening Peak,East Melbourne,461.25,526.25,65.0
Rapid Tightening Peak,Echuca,369.0,401.75,32.75
Rapid Tightening Peak,Elsternwick,433.25,465.0,31.75
Rapid Tightening Peak,Elwood,420.0,447.5,27.5
Rapid Tightening Peak,Essendon,399.75,421.25,21.5
Rapid Tightening Peak,Ferntree Gully,428.75,456.25,27.5
Rapid Tightening Peak,Fitzroy,536.25,575.0,38.75
Rapid Tightening Peak,Footscray,366.25,400.0,33.75
Rapid Tightening Peak,Frankston,405.0,442.5,37.5
Rapid Tightening Peak,Hamilton,302.5,327.5,25.0
Rapid Tightening Peak,Hawthorn,376.25,413.75,37.5
Rapid Tightening Peak,Horsham,323.75,345.0,21.25
Rapid Tightening Peak,Keilor,442.5,465.0,22.5
Rapid Tightening Peak,Kew,481.25,520.0,38.75
Rapid Tightening Peak,Lara,442.0,478.75,36.75
Rapid Tightening Peak,Malvern,452.5,495.75,43.25
Rapid Tightening Peak,Malvern East,412.5,475.0,62.5
Rapid Tightening Peak,Melton,350.0,367.5,17.5
Rapid Tightening Peak,Mildura,340.0,357.5,17.5
Rapid Tightening Peak,Morwell,272.0,312.5,40.5
Rapid Tightening Peak,Mount Waverley,499.5,542.5,43.0
Rapid Tightening Peak,Noble Park,365.0,387.5,22.5
Rapid Tightening Peak,North Bendigo,367.5,403.75,36.25
Rapid Tightening Peak,North Geelong,393.75,425.0,31.25
Rapid Tightening Peak,Northcote,491.25,506.25,15.0
Rapid Tightening Peak,Pakenham,378.75,416.25,37.5
Rapid Tightening Peak,Port Melbourne,597.5,630.75,33.25
Rapid Tightening Peak,Portland,350.0,377.5,27.5
Rapid Tightening Peak,Preston,402.5,440.0,37.5
Rapid Tightening Peak,Reservoir,380.0,403.75,23.75
Rapid Tightening Peak,Ringwood,415.0,445.0,30.0
Rapid Tightening Peak,Rowville,477.5,511.25,33.75
Rapid Tightening Peak,Seymour,326.5,363.75,37.25
Rapid Tightening Peak,Shepparton,332.5,367.5,35.0
Rapid Tightening Peak,South Melbourne,443.75,521.25,77.5
Rapid Tightening Peak,South Yarra,405.0,473.25,68.25
Rapid Tightening Peak,Springvale,393.75,425.0,31.25
Rapid Tightening Peak,St Kilda,373.75,416.25,42.5
Rapid Tightening Peak,Sunbury,392.5,413.75,21.25
Rapid Tightening Peak,Sunshine,352.5,370.0,17.5
Rapid Tightening Peak,Swan Hill,300.0,315.0,15.0
Rapid Tightening Peak,Sydenham,402.5,421.25,18.75
Rapid Tightening Peak,Thornbury,400.0,422.5,22.5
Rapid Tightening Peak,Toorak,503.25,538.25,35.0
Rapid Tightening Peak,Torquay,575.0,608.75,33.75
Rapid Tightening Peak,Traralgon,362.25,383.75,21.5
Rapid Tightening Peak,West Footscray,395.0,416.25,21.25
Rapid Tightening Peak,Whittlesea,400.0,435.0,35.0
Rapid Tightening Peak,Williamstown,517.5,546.25,28.75
Rapid Tightening Peak,Wodonga,375.0,410.0,35.0
International Student Cap Announcement,Altona,500.0,550.0,50.0
International Student Cap Announcement,Armadale,557.0,611.25,54.25
International Student Cap Announcement,Bairnsdale,418.75,447.5,28.75
International Student Cap Announcement,Balwyn,661.25,705.0,43.75
International Student Cap Announcement,Bayswater,487.5,542.5,55.0
International Student Cap Announcement,Benalla,400.0,432.0,32.0
International Student Cap Announcement,Bendigo,412.5,450.0,37.5
International Student Cap Announcement,Bentleigh,618.75,671.25,52.5
International Student Cap Announcement,Berwick,526.25,586.25,60.0
International Student Cap Announcement,Blackburn,532.5,594.5,62.0
International Student Cap Announcement,Boronia,485.75,547.5,61.75
International Student Cap Announcement,Box Hill,566.25,600.0,33.75
International Student Cap Announcement,Brighton,762.5,727.75,-34.75
International Student Cap Announcement,Brighton East,825.0,833.25,8.25
International Student Cap Announcement,Brunswick,552.5,591.25,38.75
International Student Cap Announcement,Carlton North,672.5,712.5,40.0
International Student Cap Announcement,Carnegie,508.75,552.5,43.75
International Student Cap Announcement,Castlemaine,437.5,461.25,23.75
International Student Cap Announcement,Caulfield,585.0,646.25,61.25
International Student Cap Announcement,Cheltenham,560.0,610.0,50.0
International Student Cap Announcement,Clayton,535.0,596.25,61.25
International Student Cap Announcement,Corio,375.0,393.75,18.75
International Student Cap Announcement,Craigieburn,472.5,518.25,45.75
International Student Cap Announcement,Cranbourne,516.25,573.75,57.5
International Student Cap Announcement,Dandenong,435.0,517.5,82.5
International Student Cap Announcement,East Melbourne,592.5,621.0,28.5
International Student Cap Announcement,Echuca,435.0,450.0,15.0
International Student Cap Announcement,Elsternwick,545.0,588.25,43.25
International Student Cap Announcement,Elwood,532.5,577.5,45.0
International Student Cap Announcement,Essendon,491.25,542.5,51.25
International Student Cap Announcement,Ferntree Gully,517.5,577.5,60.0
International Student Cap Announcement,Fitzroy,633.75,683.75,50.0
International Student Cap Announcement,Footscray,477.5,520.0,42.5
International Student Cap Announcement,Frankston,481.75,525.0,43.25
International Student Cap Announcement,Hamilton,341.25,350.75,9.5
International Student Cap Announcement,Hawthorn,506.0,530.0,24.0
International Student Cap Announcement,Horsham,365.0,380.0,15.0
International Student Cap Announcement,Keilor,550.0,624.5,74.5
International Student Cap Announcement,Kew,626.25,675.75,49.5
International Student Cap Announcement,Lara,510.0,540.0,30.0
International Student Cap Announcement,Malvern,582.5,605.0,22.5
International Student Cap Announcement,Malvern East,558.75,605.0,46.25
International Student Cap Announcement,Melton,413.75,450.0,36.25
International Student Cap Announcement,Mildura,387.5,435.0,47.5
International Student Cap Announcement,Morwell,342.5,360.0,17.5
International Student Cap Announcement,Mount Waverley,625.0,662.5,37.5
International Student Cap Announcement,Noble Park,448.25,503.75,55.5
International Student Cap Announcement,North Bendigo,435.0,457.5,22.5
International Student Cap Announcement,North Geelong,447.5,471.25,23.75
International Student Cap Announcement,Northcote,582.0,630.0,48.0
International Student Cap Announcement,Pakenham,475.0,525.0,50.0
International Student Cap Announcement,Port Melbourne,686.25,738.75,52.5
International Student Cap Announcement,Portland,400.0,402.5,2.5
International Student Cap Announcement,Preston,495.0,537.5,42.5
International Student Cap Announcement,Reservoir,457.5,511.25,53.75
International Student Cap Announcement,Ringwood,495.0,551.0,56.0
International Student Cap Announcement,Rowville,567.5,635.0,67.5
International Student Cap Announcement,Seymour,386.25,400.0,13.75
International Student Cap Announcement,Shepparton,397.5,440.0,42.5
International Student Cap Announcement,South Melbourne,606.25,645.0,38.75
International Student Cap Announcement,South Yarra,573.75,600.0,26.25
International Student Cap Announcement,Springvale,495.75,550.0,54.25
International Student Cap Announcement,St Kilda,490.25,550.0,59.75
International Student Cap Announcement,Sunbury,460.0,501.25,41.25
International Student Cap Announcement,Sunshine,425.0,468.75,43.75
International Student Cap Announcement,Swan Hill,357.5,385.0,27.5
International Student Cap Announcement,Sydenham,462.5,500.0,37.5
International Student Cap Announcement,Thornbury,493.25,527.0,33.75
International Student Cap Announcement,Toorak,618.75,657.5,38.75
International Student Cap Announcement,Torquay,633.25,652.5,19.25
International Student Cap Announcement,Traralgon,403.75,435.0,31.25
International Student Cap Announcement,West Footscray,477.5,535.0,57.5
International Student Cap Announcement,Whittlesea,491.25,537.5,46.25
International Student Cap Announcement,Williamstown,608.75,645.0,36.25
International Student Cap Announcement,Wodonga,435.0,467.5,32.5
Foreign Buyer Ban,Altona,545.0,550.0,5.0
Foreign Buyer Ban,Armadale,602.0,620.0,18.0
Foreign Buyer Ban,Bairnsdale,438.75,460.0,21.25
Foreign Buyer Ban,Balwyn,695.0,720.0,25.0
Foreign Buyer Ban,Bayswater,530.0,550.0,20.0
Foreign Buyer Ban,Benalla,421.25,443.0,21.75
Foreign Buyer Ban,Bendigo,440.0,460.0,20.0
Foreign Buyer Ban,Bentleigh,663.75,680.0,16.25
Foreign Buyer Ban,Berwick,573.75,600.0,26.25
Foreign Buyer Ban,Blackburn,584.5,600.0,15.5
Foreign Buyer Ban,Boronia,535.0,560.0,25.0
Foreign Buyer Ban,Box Hill,598.75,600.0,1.25
Foreign Buyer Ban,Brighton,702.75,800.0,97.25
Foreign Buyer Ban,Brighton East,845.75,800.0,-45.75
Foreign Buyer Ban,Brunswick,583.75,600.0,16.25
Foreign Buyer Ban,Carlton North,697.5,750.0,52.5
Foreign Buyer Ban,Carnegie,545.0,560.0,15.0
Foreign Buyer Ban,Castlemaine,456.25,470.0,13.75
Foreign Buyer Ban,Caulfield,636.25,650.0,13.75
Foreign Buyer Ban,Cheltenham,602.5,620.0,17.5
Foreign Buyer Ban,Clayton,588.75,600.0,11.25
Foreign Buyer Ban,Corio,390.0,400.0,10.0
Foreign Buyer Ban,Craigieburn,512.75,522.0,9.25
Foreign Buyer Ban,Cranbourne,566.25,580.0,13.75
Foreign Buyer Ban,Dandenong,507.5,520.0,12.5
Foreign Buyer Ban,East Melbourne,613.5,630.0,16.5
Foreign Buyer Ban,Echuca,450.0,450.0,0.0
Foreign Buyer Ban,Elsternwick,581.25,598.0,16.75
Foreign Buyer Ban,Elwood,573.75,575.0,1.25
Foreign Buyer Ban,Essendon,532.5,550.0,17.5
Foreign Buyer Ban,Ferntree Gully,567.5,590.0,22.5
Foreign Buyer Ban,Fitzroy,671.25,700.0,28.75
Foreign Buyer Ban,Footscray,515.0,520.0,5.0
Foreign Buyer Ban,Frankston,515.0,540.0,25.0
Foreign Buyer Ban,Hamilton,350.75,350.0,-0.75
Foreign Buyer Ban,Hawthorn,532.25,530.0,-2.25
Foreign Buyer Ban,Horsham,380.0,380.0,0.0
Foreign Buyer Ban,Keilor,617.0,630.0,13.0
Foreign Buyer Ban,Kew,668.25,680.0,11.75
Foreign Buyer Ban,Lara,532.5,550.0,17.5
Foreign Buyer Ban,Malvern,591.25,635.0,43.75
Foreign Buyer Ban,Malvern East,597.5,610.0,12.5
Foreign Buyer Ban,Melton,445.0,450.0,5.0
Foreign Buyer Ban,Mildura,421.25,450.0,28.75
Foreign Buyer Ban,Morwell,352.5,380.0,27.5
Foreign Buyer Ban,Mount Waverley,657.5,670.0,12.5
Foreign Buyer Ban,Noble Park,495.0,515.0,20.0
Foreign Buyer Ban,North Bendigo,450.0,470.0,20.0
Foreign Buyer Ban,North Geelong,463.75,480.0,16.25
Foreign Buyer Ban,Northcote,620.0,640.0,20.0
Foreign Buyer Ban,Pakenham,515.0,540.0,25.0
Foreign Buyer Ban,Port Melbourne,721.25,770.0,48.75
Foreign Buyer Ban,Portland,400.0,410.0,10.0
Foreign Buyer Ban,Preston,525.0,550.0,25.0
Foreign Buyer Ban,Reservoir,500.0,525.0,25.0
Foreign Buyer Ban,Ringwood,542.25,555.0,12.75
Foreign Buyer Ban,Rowville,620.0,650.0,30.0
Foreign Buyer Ban,Seymour,398.75,400.0,1.25
Foreign Buyer Ban,Shepparton,430.0,450.0,20.0
Foreign Buyer Ban,South Melbourne,638.75,650.0,11.25
Foreign Buyer Ban,South Yarra,600.0,600.0,0.0
Foreign Buyer Ban,Springvale,545.0,550.0,5.0
Foreign Buyer Ban,St Kilda,540.0,560.0,20.0
Foreign Buyer Ban,Sunbury,491.25,520.0,28.75
Foreign Buyer Ban,Sunshine,460.0,485.0,25.0
Foreign Buyer Ban,Swan Hill,377.5,400.0,22.5
Foreign Buyer Ban,Sydenham,495.0,500.0,5.0
Foreign Buyer Ban,Thornbury,520.75,525.0,4.25
Foreign Buyer Ban,Toorak,657.5,650.0,-7.5
Foreign Buyer Ban,Torquay,650.0,660.0,10.0
Foreign Buyer Ban,Traralgon,430.0,440.0,10.0
Foreign Buyer Ban,West Footscray,522.5,550.0,27.5
Foreign Buyer Ban,Whittlesea,532.5,540.0,7.5
Foreign Buyer Ban,Williamstown,637.5,650.0,12.5
Foreign Buyer Ban,Wodonga,460.0,480.0,20.0
RBA Easing Cycle Start,Altona,535.0,550.0,15.0
RBA Easing Cycle Start,Armadale,585.75,622.5,36.75
RBA Easing Cycle Start,Bairnsdale,431.25,455.0,23.75
RBA Easing Cycle Start,Balwyn,690.0,710.0,20.0
RBA Easing Cycle Start,Bayswater,516.25,550.0,33.75
RBA Easing Cycle Start,Benalla,411.25,441.5,30.25
RBA Easing Cycle Start,Bendigo,432.5,455.0,22.5
RBA Easing Cycle Start,Bentleigh,652.5,680.0,27.5
RBA Easing Cycle Start,Berwick,558.75,597.5,38.75
RBA Easing Cycle Start,Blackburn,572.0,600.0,28.0
RBA Easing Cycle Start,Boronia,520.75,555.0,34.25
RBA Easing Cycle Start,Box Hill,593.75,600.0,6.25
RBA Easing Cycle Start,Brighton,715.25,762.5,47.25
RBA Easing Cycle Start,Brighton East,858.25,800.0,-58.25
RBA Easing Cycle Start,Brunswick,572.5,597.5,25.0
RBA Easing Cycle Start,Carlton North,687.5,735.0,47.5
RBA Easing Cycle Start,Carnegie,537.5,555.0,17.5
RBA Easing Cycle Start,Castlemaine,453.75,465.0,11.25
RBA Easing Cycle Start,Caulfield,623.75,650.0,26.25
RBA Easing Cycle Start,Cheltenham,591.25,620.0,28.75
RBA Easing Cycle Start,Clayton,576.25,600.0,23.75
RBA Easing Cycle Start,Corio,386.25,397.5,11.25
RBA Easing Cycle Start,Craigieburn,501.5,523.5,22.0
RBA Easing Cycle Start,Cranbourne,552.5,580.0,27.5
RBA Easing Cycle Start,Dandenong,485.0,525.0,40.0
RBA Easing Cycle Start,East Melbourne,606.25,629.5,23.25
RBA Easing Cycle Start,Echuca,447.5,450.0,2.5
RBA Easing Cycle Start,Elsternwick,568.75,599.0,30.25
RBA Easing Cycle Start,Elwood,567.5,575.0,7.5
RBA Easing Cycle Start,Essendon,520.0,550.0,30.0
RBA Easing Cycle Start,Ferntree Gully,555.0,585.0,30.0
RBA Easing Cycle Start,Fitzroy,660.0,697.5,37.5
RBA Easing Cycle Start,Footscray,507.5,520.0,12.5
RBA Easing Cycle Start,Frankston,505.0,535.0,30.0
RBA Easing Cycle Start,Hamilton,347.5,351.5,4.0
RBA Easing Cycle Start,Hawthorn,529.75,530.0,0.25
RBA Easing Cycle Start,Horsham,377.5,380.0,2.5
RBA Easing Cycle Start,Keilor,602.5,631.5,29.0
RBA Easing Cycle Start,Kew,660.75,680.0,19.25
RBA Easing Cycle Start,Lara,527.5,545.0,17.5
RBA Easing Cycle Start,Malvern,586.25,617.5,31.25
RBA Easing Cycle Start,Malvern East,588.75,610.0,21.25
RBA Easing Cycle Start,Melton,437.5,450.0,12.5
RBA Easing Cycle Start,Mildura,407.5,450.0,42.5
RBA Easing Cycle Start,Morwell,347.5,370.0,22.5
RBA Easing Cycle Start,Mount Waverley,652.5,670.0,17.5
RBA Easing Cycle Start,Noble Park,484.5,507.5,23.0
RBA Easing Cycle Start,North Bendigo,442.5,465.0,22.5
RBA Easing Cycle Start,North Geelong,457.5,477.5,20.0
RBA Easing Cycle Start,Northcote,609.5,640.0,30.5
RBA Easing Cycle Start,Pakenham,502.5,535.0,32.5
RBA Easing Cycle Start,Port Melbourne,707.5,760.0,52.5
RBA Easing Cycle Start,Portland,400.0,405.0,5.0
RBA Easing Cycle Start,Preston,512.5,550.0,37.5
RBA Easing Cycle Start,Reservoir,487.5,522.5,35.0
RBA Easing Cycle Start,Ringwood,529.75,552.5,22.75
RBA Easing Cycle Start,Rowville,602.5,650.0,47.5
RBA Easing Cycle Start,Seymour,396.25,400.0,3.75
RBA Easing Cycle Start,Shepparton,417.5,450.0,32.5
RBA Easing Cycle Start,South Melbourne,631.25,650.0,18.75
RBA Easing Cycle Start,South Yarra,595.0,600.0,5.0
RBA Easing Cycle Start,Springvale,534.5,550.0,15.5
RBA Easing Cycle Start,St Kilda,527.5,555.0,27.5
RBA Easing Cycle Start,Sunbury,483.75,510.0,26.25
RBA Easing Cycle Start,Sunshine,447.5,482.5,35.0
RBA Easing Cycle Start,Swan Hill,370.0,400.0,30.0
RBA Easing Cycle Start,Sydenham,487.5,500.0,12.5
RBA Easing Cycle Start,Thornbury,508.75,536.5,27.75
RBA Easing Cycle Start,Toorak,652.5,650.0,-2.5
RBA Easing Cycle Start,Torquay,645.0,655.0,10.0
RBA Easing Cycle Start,Traralgon,422.5,440.0,17.5
RBA Easing Cycle Start,West Footscray,510.0,545.0,35.0
RBA Easing Cycle Start,Whittlesea,522.5,540.0,17.5
RBA Easing Cycle Start,Williamstown,630.0,650.0,20.0
RBA Easing Cycle Start,Wodonga,450.0,480.0,30.0
